"","Feeder_Interval_in_seconds","Subject","date","Weight","session_consumption","sess_consump_g_per_kg","total_daily_water","overnight_consumption","mean_sess_consump"
"1","NA (baseline or weekend)","Citrine",2023-04-17,5.2,110,21.1538461538462,179,69,77.7281553398058
"2","NA (baseline or weekend)","Citrine",2023-04-18,5.2,121,23.2692307692308,265,144,77.7281553398058
"3","NA (baseline or weekend)","Citrine",2023-04-19,5.2,99,19.0384615384615,143,44,77.7281553398058
"4","NA (baseline or weekend)","Citrine",2023-04-20,5.2,97,18.6538461538462,168,71,77.7281553398058
"5","NA (baseline or weekend)","Citrine",2023-04-21,5.2,105,20.1923076923077,135,30,77.7281553398058
"6","NA (baseline or weekend)","Citrine",2023-04-22,5.2,31,5.96153846153846,190,159,77.7281553398058
"7","NA (baseline or weekend)","Citrine",2023-04-23,5.2,3,0.576923076923077,167,164,77.7281553398058
"8","NA (baseline or weekend)","Citrine",2023-04-24,5.32,94,17.6691729323308,203,109,77.7281553398058
"9","NA (baseline or weekend)","Citrine",2023-04-25,5.32,95,17.8571428571429,161,66,77.7281553398058
"10","NA (baseline or weekend)","Citrine",2023-04-26,5.32,98,18.4210526315789,162,64,77.7281553398058
"11","NA (baseline or weekend)","Citrine",2023-04-27,5.32,98,18.4210526315789,170,72,77.7281553398058
"12","NA (baseline or weekend)","Citrine",2023-04-28,5.32,101,18.984962406015,140,39,77.7281553398058
"13","NA (baseline or weekend)","Citrine",2023-04-29,5.32,88,16.5413533834586,165,77,77.7281553398058
"14","NA (baseline or weekend)","Citrine",2023-04-30,5.32,129,24.2481203007519,230,101,77.7281553398058
"15","60","Citrine",2023-05-01,5.33,128,24.015009380863,208,80,38.6
"16","60","Citrine",2023-05-02,5.33,29,5.44090056285178,162,133,38.6
"17","60","Citrine",2023-05-03,5.33,81,15.1969981238274,205,124,38.6
"18","60","Citrine",2023-05-04,5.33,61,11.4446529080675,181,120,38.6
"19","60","Citrine",2023-05-05,5.33,32,6.00375234521576,146,114,38.6
"20","NA (baseline or weekend)","Citrine",2023-05-06,5.33,42,7.87992495309568,159,117,77.7281553398058
"21","NA (baseline or weekend)","Citrine",2023-05-07,5.33,43,8.06754221388368,147,104,77.7281553398058
"22","120","Citrine",2023-05-08,5.46,43,7.87545787545788,118,75,38.2222222222222
"23","120","Citrine",2023-05-09,5.46,68,12.4542124542125,136,68,38.2222222222222
"24","120","Citrine",2023-05-10,5.46,46,8.42490842490843,191,145,38.2222222222222
"25","120","Citrine",2023-05-11,5.46,51,9.34065934065934,135,84,38.2222222222222
"26","NA (baseline or weekend)","Citrine",2023-05-12,5.46,59,10.8058608058608,143,84,77.7281553398058
"27","NA (baseline or weekend)","Citrine",2023-05-13,5.46,54,9.89010989010989,145,91,77.7281553398058
"28","NA (baseline or weekend)","Citrine",2023-05-14,5.46,73,13.3699633699634,149,76,77.7281553398058
"29","NA (baseline or weekend)","Citrine",2023-05-15,5.2,101,19.4230769230769,NA,NA,77.7281553398058
"30","NA (baseline or weekend)","Elia",2023-05-15,5,94,18.8,289,195,148.818181818182
"31","NA (baseline or weekend)","Citrine",2023-05-16,5.2,83,15.9615384615385,121,38,77.7281553398058
"32","NA (baseline or weekend)","Elia",2023-05-16,5,163,32.6,287,124,148.818181818182
"33","NA (baseline or weekend)","Citrine",2023-05-17,5.2,73,14.0384615384615,158,85,77.7281553398058
"34","NA (baseline or weekend)","Elia",2023-05-17,5,117,23.4,NA,NA,148.818181818182
"35","NA (baseline or weekend)","Citrine",2023-05-18,5.2,76,14.6153846153846,156,80,77.7281553398058
"36","NA (baseline or weekend)","Elia",2023-05-18,5,115,23,331,216,148.818181818182
"37","NA (baseline or weekend)","Citrine",2023-05-19,5.2,104,20,144,40,77.7281553398058
"38","NA (baseline or weekend)","Elia",2023-05-19,5,98,19.6,NA,NA,148.818181818182
"39","NA (baseline or weekend)","Citrine",2023-05-20,5.2,88,16.9230769230769,155,67,77.7281553398058
"40","NA (baseline or weekend)","Elia",2023-05-20,5,61,12.2,284,223,148.818181818182
"41","NA (baseline or weekend)","Elia",2023-05-21,5,NA,NA,NA,155,148.818181818182
"42","NA (baseline or weekend)","Citrine",2023-05-21,5.2,80,15.3846153846154,NA,NA,77.7281553398058
"43","180","Citrine",2023-05-22,5.2,33,6.34615384615385,119,86,16.5
"44","NA (baseline or weekend)","Elia",2023-05-22,4.92,145,29.4715447154472,304,159,148.818181818182
"45","NA (baseline or weekend)","Elia",2023-05-23,4.92,104,21.1382113821138,287,183,148.818181818182
"46","180","Citrine",2023-05-23,5.2,34,6.53846153846154,81,47,16.5
"47","NA (baseline or weekend)","Elia",2023-05-24,4.92,145,29.4715447154472,311,166,148.818181818182
"48","180","Citrine",2023-05-24,5.2,65,12.5,142,77,16.5
"49","NA (baseline or weekend)","Elia",2023-05-25,4.92,133,27.0325203252033,340,207,148.818181818182
"50","180","Citrine",2023-05-25,5.2,60,11.5384615384615,124,64,16.5
"51","NA (baseline or weekend)","Elia",2023-05-26,4.92,161,32.7235772357724,NA,NA,148.818181818182
"52","180","Citrine",2023-05-26,5.2,74,14.2307692307692,181,107,16.5
"53","NA (baseline or weekend)","Elia",2023-05-27,4.92,84,17.0731707317073,275,191,148.818181818182
"54","NA (baseline or weekend)","Citrine",2023-05-27,5.2,85,16.3461538461538,174,89,77.7281553398058
"55","NA (baseline or weekend)","Elia",2023-05-28,4.92,128,26.0162601626016,302,174,148.818181818182
"56","NA (baseline or weekend)","Citrine",2023-05-28,5.2,74,14.2307692307692,153,79,77.7281553398058
"57","60","Elia",2023-05-29,5.01,32,6.3872255489022,144,112,48.1
"58","NA (baseline or weekend)","Citrine",2023-05-29,5.25,95,18.0952380952381,138,43,77.7281553398058
"59","60","Elia",2023-05-30,5.01,54,10.7784431137725,161,107,48.1
"60","NA (baseline or weekend)","Citrine",2023-05-30,5.25,102,19.4285714285714,130,28,77.7281553398058
"61","60","Elia",2023-05-31,5.01,30,5.98802395209581,134,104,48.1
"62","NA (baseline or weekend)","Citrine",2023-05-31,5.25,98,18.6666666666667,151,53,77.7281553398058
"63","60","Elia",2023-06-01,5.01,59,11.7764471057884,225,166,48.1
"64","NA (baseline or weekend)","Citrine",2023-06-01,5.25,74,14.0952380952381,134,60,77.7281553398058
"65","60","Elia",2023-06-02,5.01,55,10.9780439121756,213,158,48.1
"66","NA (baseline or weekend)","Citrine",2023-06-02,5.25,73,13.9047619047619,136,63,77.7281553398058
"67","NA (baseline or weekend)","Elia",2023-06-03,5.01,139,27.7445109780439,298,159,148.818181818182
"68","NA (baseline or weekend)","Citrine",2023-06-03,5.25,67,12.7619047619048,159,92,77.7281553398058
"69","NA (baseline or weekend)","Elia",2023-06-04,5.01,108,21.5568862275449,299,191,148.818181818182
"70","NA (baseline or weekend)","Citrine",2023-06-04,5.25,53,10.0952380952381,144,91,77.7281553398058
"71","NA (baseline or weekend)","Elia",2023-06-05,5.01,4,0.798403193612774,275,271,148.818181818182
"72","240","Citrine",2023-06-05,5.38,NA,NA,NA,NA,36.7142857142857
"73","NA (baseline or weekend)","Elia",2023-06-06,4.79,113,23.5908141962422,305,192,148.818181818182
"74","240","Citrine",2023-06-06,5.38,NA,NA,NA,NA,36.7142857142857
"75","NA (baseline or weekend)","Elia",2023-06-07,4.79,133,27.7661795407098,318,185,148.818181818182
"76","240","Citrine",2023-06-07,5.38,62,11.5241635687732,150,88,36.7142857142857
"77","NA (baseline or weekend)","Elia",2023-06-08,4.79,134,27.9749478079332,299,165,148.818181818182
"78","240","Citrine",2023-06-08,5.38,69,12.8252788104089,160,91,36.7142857142857
"79","NA (baseline or weekend)","Elia",2023-06-09,4.6,146,31.7391304347826,307,161,148.818181818182
"80","240","Citrine",2023-06-09,5.38,NA,NA,NA,NA,36.7142857142857
"81","NA (baseline or weekend)","Elia",2023-06-10,4.6,82,17.8260869565217,296,214,148.818181818182
"82","NA (baseline or weekend)","Citrine",2023-06-10,5.38,89,16.542750929368,178,89,77.7281553398058
"83","NA (baseline or weekend)","Elia",2023-06-11,4.6,108,23.4782608695652,275,167,148.818181818182
"84","NA (baseline or weekend)","Citrine",2023-06-11,5.38,77,14.3122676579926,166,89,77.7281553398058
"85","120","Elia",2023-06-12,4.5,128,28.4444444444444,318,190,72.4
"86","NA (baseline or weekend)","Citrine",2023-06-12,5,NA,NA,NA,NA,77.7281553398058
"87","120","Elia",2023-06-13,4.5,54,12,218,164,72.4
"88","NA (baseline or weekend)","Citrine",2023-06-13,5,76,15.2,143,67,77.7281553398058
"89","120","Elia",2023-06-14,4.5,55,12.2222222222222,201,146,72.4
"90","NA (baseline or weekend)","Citrine",2023-06-14,5,84,16.8,130,46,77.7281553398058
"91","120","Elia",2023-06-15,4.5,59,13.1111111111111,227,168,72.4
"92","NA (baseline or weekend)","Citrine",2023-06-15,5,80,16,144,64,77.7281553398058
"93","120","Elia",2023-06-16,4.5,66,14.6666666666667,NA,NA,72.4
"94","NA (baseline or weekend)","Citrine",2023-06-16,5,70,14,109,39,77.7281553398058
"95","NA (baseline or weekend)","Elia",2023-06-17,4.5,94,20.8888888888889,286,192,148.818181818182
"96","NA (baseline or weekend)","Citrine",2023-06-17,5,44,8.8,140,96,77.7281553398058
"97","NA (baseline or weekend)","Elia",2023-06-18,4.5,123,27.3333333333333,318,195,148.818181818182
"98","NA (baseline or weekend)","Citrine",2023-06-18,5,70,14,162,92,77.7281553398058
"99","NA (baseline or weekend)","Elia",2023-06-19,4.4,149,33.8636363636364,307,158,148.818181818182
"100","300","Citrine",2023-06-19,5.1,22,4.31372549019608,126,104,19.7777777777778
"101","NA (baseline or weekend)","Elia",2023-06-20,4.4,130,29.5454545454545,274,144,148.818181818182
"102","300","Citrine",2023-06-20,5.1,NA,NA,NA,NA,19.7777777777778
"103","NA (baseline or weekend)","Elia",2023-06-21,4.4,167,37.9545454545455,301,134,148.818181818182
"104","300","Citrine",2023-06-21,5.1,32,6.27450980392157,126,94,19.7777777777778
"105","NA (baseline or weekend)","Elia",2023-06-22,4.4,170,38.6363636363636,NA,NA,148.818181818182
"106","300","Citrine",2023-06-22,5.1,28,5.49019607843137,104,76,19.7777777777778
"107","NA (baseline or weekend)","Elia",2023-06-23,4.4,189,42.9545454545455,338,149,148.818181818182
"108","300","Citrine",2023-06-23,5.1,-54,-10.5882352941176,0,54,19.7777777777778
"109","NA (baseline or weekend)","Elia",2023-06-24,4.4,132,30,305,173,148.818181818182
"110","NA (baseline or weekend)","Citrine",2023-06-24,5.1,87,17.0588235294118,154,67,77.7281553398058
"111","NA (baseline or weekend)","Elia",2023-06-25,4.4,108,24.5454545454545,320,212,148.818181818182
"112","NA (baseline or weekend)","Citrine",2023-06-25,5.1,56,10.9803921568627,164,108,77.7281553398058
"113","180","Elia",2023-06-26,4.5,120,26.6666666666667,192,72,74.4
"114","NA (baseline or weekend)","Citrine",2023-06-26,5,76,15.2,142,66,77.7281553398058
"115","NA (baseline or weekend)","Citrine",2023-06-27,5,94,18.8,143,49,77.7281553398058
"116","180","Elia",2023-06-27,4.5,34,7.55555555555556,178,144,74.4
"117","NA (baseline or weekend)","Citrine",2023-06-28,5,72,14.4,145,73,77.7281553398058
"118","180","Elia",2023-06-28,4.5,63,14,185,122,74.4
"119","NA (baseline or weekend)","Citrine",2023-06-29,5,94,18.8,141,47,77.7281553398058
"120","180","Elia",2023-06-29,4.5,80,17.7777777777778,238,158,74.4
"121","NA (baseline or weekend)","Citrine",2023-06-30,5,142,28.4,139,-3,77.7281553398058
"122","180","Elia",2023-06-30,4.5,75,16.6666666666667,192,117,74.4
"123","NA (baseline or weekend)","Citrine",2023-07-01,5,82,16.4,150,68,77.7281553398058
"124","NA (baseline or weekend)","Elia",2023-07-01,4.5,132,29.3333333333333,288,156,148.818181818182
"125","NA (baseline or weekend)","Citrine",2023-07-02,5,91,18.2,156,65,77.7281553398058
"126","NA (baseline or weekend)","Elia",2023-07-02,4.5,180,40,348,168,148.818181818182
"127","NA (baseline or weekend)","Minerva",2023-07-03,4.3,91,21.1627906976744,189,98,115.813559322034
"128","NA (baseline or weekend)","Citrine",2023-07-03,5.5,108,19.6363636363636,151,43,77.7281553398058
"129","NA (baseline or weekend)","Elia",2023-07-03,4.35,131,30.1149425287356,284,153,148.818181818182
"130","NA (baseline or weekend)","Minerva",2023-07-04,4.3,138,32.093023255814,216,78,115.813559322034
"131","NA (baseline or weekend)","Elia",2023-07-04,4.35,191,43.9080459770115,326,135,148.818181818182
"132","NA (baseline or weekend)","Citrine",2023-07-04,5.5,84,15.2727272727273,137,53,77.7281553398058
"133","NA (baseline or weekend)","Minerva",2023-07-05,4.3,122,28.3720930232558,243,121,115.813559322034
"134","NA (baseline or weekend)","Citrine",2023-07-05,5.5,98,17.8181818181818,205,107,77.7281553398058
"135","NA (baseline or weekend)","Elia",2023-07-05,4.35,182,41.8390804597701,313,131,148.818181818182
"136","NA (baseline or weekend)","Minerva",2023-07-06,4.3,138,32.093023255814,226,88,115.813559322034
"137","NA (baseline or weekend)","Citrine",2023-07-06,5.5,101,18.3636363636364,155,54,77.7281553398058
"138","NA (baseline or weekend)","Elia",2023-07-06,4.35,207,47.5862068965517,356,149,148.818181818182
"139","NA (baseline or weekend)","Minerva",2023-07-07,4.3,126,29.3023255813954,236,110,115.813559322034
"140","NA (baseline or weekend)","Citrine",2023-07-07,5.5,69,12.5454545454545,116,47,77.7281553398058
"141","NA (baseline or weekend)","Elia",2023-07-07,4.35,116,26.6666666666667,316,200,148.818181818182
"142","NA (baseline or weekend)","Minerva",2023-07-08,4.3,141,32.7906976744186,190,49,115.813559322034
"143","NA (baseline or weekend)","Citrine",2023-07-08,5.5,104,18.9090909090909,161,57,77.7281553398058
"144","NA (baseline or weekend)","Elia",2023-07-08,4.35,169,38.8505747126437,328,159,148.818181818182
"145","NA (baseline or weekend)","Minerva",2023-07-09,4.3,136,31.6279069767442,227,91,115.813559322034
"146","NA (baseline or weekend)","Citrine",2023-07-09,5.5,66,12,134,68,77.7281553398058
"147","NA (baseline or weekend)","Elia",2023-07-09,4.35,134,30.8045977011494,313,179,148.818181818182
"148","60","Minerva",2023-07-10,4.2,47,11.1904761904762,179,132,49
"149","60","Citrine",2023-07-10,5.2,16,3.07692307692308,56,40,38.6
"150","240","Elia",2023-07-10,4.3,83,19.3023255813954,163,80,70.8
"151","60","Minerva",2023-07-11,4.2,75,17.8571428571429,196,121,49
"152","240","Elia",2023-07-11,4.3,61,14.1860465116279,173,112,70.8
"153","60","Citrine",2023-07-11,5.2,13,2.5,33,20,38.6
"154","60","Minerva",2023-07-12,4.2,47,11.1904761904762,159,112,49
"155","60","Citrine",2023-07-12,5.2,1,0.192307692307692,80,79,38.6
"156","240","Elia",2023-07-12,4.3,66,15.3488372093023,166,100,70.8
"157","240","Elia",2023-07-13,4.3,61,14.1860465116279,155,94,70.8
"158","60","Minerva",2023-07-13,4.2,19,4.52380952380952,108,89,49
"159","60","Citrine",2023-07-13,5.2,24,4.61538461538461,64,40,38.6
"160","240","Elia",2023-07-14,4.3,83,19.3023255813954,192,109,70.8
"161","60","Minerva",2023-07-14,4.2,57,13.5714285714286,222,165,49
"162","60","Citrine",2023-07-14,5.2,1,0.192307692307692,74,73,38.6
"163","NA (baseline or weekend)","Citrine",2023-07-15,5.2,75,14.4230769230769,153,78,77.7281553398058
"164","NA (baseline or weekend)","Elia",2023-07-15,4.3,157,36.5116279069767,298,141,148.818181818182
"165","NA (baseline or weekend)","Minerva",2023-07-15,4.2,145,34.5238095238095,223,78,115.813559322034
"166","NA (baseline or weekend)","Citrine",2023-07-16,5.2,102,19.6153846153846,174,72,77.7281553398058
"167","NA (baseline or weekend)","Elia",2023-07-16,4.3,206,47.906976744186,343,137,148.818181818182
"168","NA (baseline or weekend)","Minerva",2023-07-16,4.2,122,29.047619047619,221,99,115.813559322034
"169","NA (baseline or weekend)","Citrine",2023-07-17,5.5,64,11.6363636363636,132,68,77.7281553398058
"170","NA (baseline or weekend)","Elia",2023-07-17,4.17,194,46.5227817745803,307,113,148.818181818182
"171","NA (baseline or weekend)","Minerva",2023-07-17,4.05,148,36.5432098765432,228,80,115.813559322034
"172","NA (baseline or weekend)","Elia",2023-07-18,4.17,198,47.4820143884892,356,158,148.818181818182
"173","NA (baseline or weekend)","Minerva",2023-07-18,4.05,145,35.8024691358025,216,71,115.813559322034
"174","NA (baseline or weekend)","Citrine",2023-07-18,5.5,41,7.45454545454545,148,107,77.7281553398058
"175","NA (baseline or weekend)","Elia",2023-07-19,4.17,157,37.6498800959233,311,154,148.818181818182
"176","NA (baseline or weekend)","Minerva",2023-07-19,4.05,113,27.9012345679012,199,86,115.813559322034
"177","NA (baseline or weekend)","Citrine",2023-07-19,5.5,64,11.6363636363636,150,86,77.7281553398058
"178","NA (baseline or weekend)","Citrine",2023-07-20,5.5,85,15.4545454545455,139,54,77.7281553398058
"179","NA (baseline or weekend)","Elia",2023-07-20,4.17,202,48.4412470023981,370,168,148.818181818182
"180","NA (baseline or weekend)","Minerva",2023-07-20,4.05,113,27.9012345679012,234,121,115.813559322034
"181","NA (baseline or weekend)","Citrine",2023-07-21,5.5,100,18.1818181818182,143,43,77.7281553398058
"182","NA (baseline or weekend)","Elia",2023-07-21,4.17,150,35.9712230215827,309,159,148.818181818182
"183","NA (baseline or weekend)","Minerva",2023-07-21,4.05,111,27.4074074074074,196,85,115.813559322034
"184","NA (baseline or weekend)","Citrine",2023-07-22,5.5,51,9.27272727272727,147,96,77.7281553398058
"185","NA (baseline or weekend)","Elia",2023-07-22,4.17,169,40.5275779376499,343,174,148.818181818182
"186","NA (baseline or weekend)","Minerva",2023-07-22,4.05,126,31.1111111111111,214,88,115.813559322034
"187","NA (baseline or weekend)","Citrine",2023-07-23,5.5,77,14,145,68,77.7281553398058
"188","NA (baseline or weekend)","Elia",2023-07-23,4.17,165,39.568345323741,326,161,148.818181818182
"189","NA (baseline or weekend)","Minerva",2023-07-23,4.05,101,24.9382716049383,209,108,115.813559322034
"190","300","Elia",2023-07-24,4.2,93,22.1428571428571,170,77,97.1333333333333
"191","120","Minerva",2023-07-24,4.1,108,26.3414634146341,182,74,104
"192","120","Citrine",2023-07-24,5.2,11,2.11538461538462,36,25,38.2222222222222
"193","120","Citrine",2023-07-25,5.2,35,6.73076923076923,102,67,38.2222222222222
"194","300","Elia",2023-07-25,4.2,58,13.8095238095238,161,103,97.1333333333333
"195","120","Minerva",2023-07-25,4.1,100,24.390243902439,208,108,104
"196","300","Elia",2023-07-26,4.2,73,17.3809523809524,159,86,97.1333333333333
"197","120","Minerva",2023-07-26,4.1,74,18.0487804878049,203,129,104
"198","120","Citrine",2023-07-26,5.2,33,6.34615384615385,65,32,38.2222222222222
"199","120","Citrine",2023-07-27,5.2,13,2.5,63,50,38.2222222222222
"200","300","Elia",2023-07-27,4.2,112,26.6666666666667,186,74,97.1333333333333
"201","120","Minerva",2023-07-27,4.1,138,33.6585365853659,215,77,104
"202","120","Citrine",2023-07-28,5.2,44,8.46153846153846,72,28,38.2222222222222
"203","300","Elia",2023-07-28,4.2,274,65.2380952380952,229,-45,97.1333333333333
"204","120","Minerva",2023-07-28,4.1,100,24.390243902439,189,89,104
"205","NA (baseline or weekend)","Citrine",2023-07-29,5.2,66,12.6923076923077,155,89,77.7281553398058
"206","NA (baseline or weekend)","Elia",2023-07-29,4.2,176,41.9047619047619,317,141,148.818181818182
"207","NA (baseline or weekend)","Minerva",2023-07-29,4.1,130,31.7073170731707,216,86,115.813559322034
"208","NA (baseline or weekend)","Elia",2023-07-30,4.2,146,34.7619047619048,326,180,148.818181818182
"209","NA (baseline or weekend)","Minerva",2023-07-30,4.1,101,24.6341463414634,181,80,115.813559322034
"210","NA (baseline or weekend)","Citrine",2023-07-30,5.2,72,13.8461538461538,156,84,77.7281553398058
"211","NA (baseline or weekend)","Citrine",2023-07-31,4.9,97,19.7959183673469,148,51,77.7281553398058
"212","NA (baseline or weekend)","Elia",2023-07-31,4,203,50.75,332,129,148.818181818182
"213","NA (baseline or weekend)","Minerva",2023-07-31,3.95,177,44.8101265822785,226,49,115.813559322034
"214","NA (baseline or weekend)","Elia",2023-08-01,4,258,64.5,321,63,148.818181818182
"215","NA (baseline or weekend)","Minerva",2023-08-01,3.95,142,35.9493670886076,177,35,115.813559322034
"216","NA (baseline or weekend)","Citrine",2023-08-01,4.9,105,21.4285714285714,138,33,77.7281553398058
"217","NA (baseline or weekend)","Minerva",2023-08-02,3.95,157,39.746835443038,217,60,115.813559322034
"218","NA (baseline or weekend)","Elia",2023-08-02,4,163,40.75,338,175,148.818181818182
"219","NA (baseline or weekend)","Citrine",2023-08-02,4.9,80,16.3265306122449,169,89,77.7281553398058
"220","NA (baseline or weekend)","Elia",2023-08-03,4,154,38.5,324,170,148.818181818182
"221","NA (baseline or weekend)","Minerva",2023-08-03,3.95,106,26.8354430379747,162,56,115.813559322034
"222","NA (baseline or weekend)","Citrine",2023-08-03,4.9,84,17.1428571428571,157,73,77.7281553398058
"223","NA (baseline or weekend)","Citrine",2023-08-04,4.9,73,14.8979591836735,150,77,77.7281553398058
"224","NA (baseline or weekend)","Elia",2023-08-04,4,151,37.75,320,169,148.818181818182
"225","NA (baseline or weekend)","Minerva",2023-08-04,3.95,120,30.379746835443,417,297,115.813559322034
"226","NA (baseline or weekend)","Citrine",2023-08-05,4.9,46,9.38775510204082,132,86,77.7281553398058
"227","NA (baseline or weekend)","Elia",2023-08-05,4,157,39.25,339,182,148.818181818182
"228","NA (baseline or weekend)","Minerva",2023-08-05,3.95,104,26.3291139240506,182,78,115.813559322034
"229","NA (baseline or weekend)","Citrine",2023-08-06,4.9,78,15.9183673469388,135,57,77.7281553398058
"230","NA (baseline or weekend)","Elia",2023-08-06,4,150,37.5,341,191,148.818181818182
"231","NA (baseline or weekend)","Minerva",2023-08-06,3.95,131,33.1645569620253,195,64,115.813559322034
"232","NA (baseline or weekend)","Elia",2023-08-07,4.11,184,44.7688564476886,339,155,148.818181818182
"233","180","Minerva",2023-08-07,3.98,126,31.6582914572864,-91,-217,122.4
"234","180","Citrine",2023-08-07,5.2,21,4.03846153846154,40,19,16.5
"235","180","Citrine",2023-08-08,5.2,8,1.53846153846154,98,90,16.5
"236","NA (baseline or weekend)","Elia",2023-08-08,4.11,173,42.0924574209246,343,170,148.818181818182
"237","180","Minerva",2023-08-08,3.98,84,21.105527638191,119,35,122.4
"238","180","Citrine",2023-08-09,5.2,4,0.769230769230769,27,23,16.5
"239","NA (baseline or weekend)","Elia",2023-08-09,4.11,184,44.7688564476886,361,177,148.818181818182
"240","180","Minerva",2023-08-09,3.98,154,38.6934673366834,201,47,122.4
"241","180","Citrine",2023-08-10,5.2,41,7.88461538461538,69,28,16.5
"242","NA (baseline or weekend)","Elia",2023-08-10,4.11,47,11.4355231143552,204,157,148.818181818182
"243","NA (baseline or weekend)","Minerva",2023-08-10,3.98,64,16.0804020100502,252,188,115.813559322034
"244","180","Citrine",2023-08-11,5.2,-175,-33.6538461538462,-159,16,16.5
"245","NA (baseline or weekend)","Elia",2023-08-11,4.11,231,56.2043795620438,421,190,148.818181818182
"246","180","Minerva",2023-08-11,3.98,128,32.1608040201005,224,96,122.4
"247","NA (baseline or weekend)","Elia",2023-08-12,4.11,135,32.8467153284671,288,153,148.818181818182
"248","NA (baseline or weekend)","Minerva",2023-08-12,3.98,103,25.8793969849246,175,72,115.813559322034
"249","NA (baseline or weekend)","Citrine",2023-08-12,5.2,62,11.9230769230769,140,78,77.7281553398058
"250","NA (baseline or weekend)","Elia",2023-08-13,4.11,178,43.30900243309,425,247,148.818181818182
"251","NA (baseline or weekend)","Citrine",2023-08-13,5.2,43,8.26923076923077,161,118,77.7281553398058
"252","NA (baseline or weekend)","Minerva",2023-08-13,3.98,70,17.5879396984925,223,153,115.813559322034
"253","NA (baseline or weekend)","Elia",2023-08-14,4.2,165,39.2857142857143,319,154,148.818181818182
"254","NA (baseline or weekend)","Citrine",2023-08-14,5.04,58,11.5079365079365,117,59,77.7281553398058
"255","180","Minerva",2023-08-14,4,120,30,202,82,122.4
"256","NA (baseline or weekend)","Elia",2023-08-15,4.2,245,58.3333333333333,406,161,148.818181818182
"257","NA (baseline or weekend)","Citrine",2023-08-15,5.04,79,15.6746031746032,140,61,77.7281553398058
"258","NA (baseline or weekend)","Minerva",2023-08-15,4,152,38,216,64,115.813559322034
"259","NA (baseline or weekend)","Elia",2023-08-16,4.2,197,46.9047619047619,338,141,148.818181818182
"260","NA (baseline or weekend)","Citrine",2023-08-16,5.04,66,13.0952380952381,132,66,77.7281553398058
"261","NA (baseline or weekend)","Minerva",2023-08-16,4,149,37.25,244,95,115.813559322034
"262","NA (baseline or weekend)","Elia",2023-08-17,4.2,188,44.7619047619048,337,149,148.818181818182
"263","NA (baseline or weekend)","Citrine",2023-08-17,5.04,83,16.468253968254,135,52,77.7281553398058
"264","NA (baseline or weekend)","Minerva",2023-08-17,4,131,32.75,239,108,115.813559322034
"265","NA (baseline or weekend)","Elia",2023-08-18,4.2,190,45.2380952380952,352,162,148.818181818182
"266","NA (baseline or weekend)","Citrine",2023-08-18,5.04,83,16.468253968254,115,32,77.7281553398058
"267","NA (baseline or weekend)","Minerva",2023-08-18,4,156,39,253,97,115.813559322034
"268","NA (baseline or weekend)","Elia",2023-08-19,4.2,182,43.3333333333333,331,149,148.818181818182
"269","NA (baseline or weekend)","Citrine",2023-08-19,5.04,63,12.5,119,56,77.7281553398058
"270","NA (baseline or weekend)","Minerva",2023-08-19,4,111,27.75,190,79,115.813559322034
"271","NA (baseline or weekend)","Elia",2023-08-20,4.2,196,46.6666666666667,337,141,148.818181818182
"272","NA (baseline or weekend)","Citrine",2023-08-20,5.04,76,15.0793650793651,221,145,77.7281553398058
"273","NA (baseline or weekend)","Minerva",2023-08-20,4,117,29.25,176,59,115.813559322034
"274","NA (baseline or weekend)","Elia",2023-08-21,4.2,179,42.6190476190476,312,133,148.818181818182
"275","240","Citrine",2023-08-21,5.55,15,2.7027027027027,28,13,36.7142857142857
"276","NA (baseline or weekend)","Minerva",2023-08-21,3.91,113,28.9002557544757,231,118,115.813559322034
"277","NA (baseline or weekend)","Elia",2023-08-22,4.2,191,45.4761904761905,320,129,148.818181818182
"278","240","Citrine",2023-08-22,5.55,13,2.34234234234234,37,24,36.7142857142857
"279","NA (baseline or weekend)","Minerva",2023-08-22,3.91,126,32.2250639386189,199,73,115.813559322034
"280","NA (baseline or weekend)","Elia",2023-08-23,4.2,201,47.8571428571429,320,119,148.818181818182
"281","240","Citrine",2023-08-23,5.55,19,3.42342342342342,47,28,36.7142857142857
"282","NA (baseline or weekend)","Minerva",2023-08-23,3.91,50,12.7877237851662,142,92,115.813559322034
"283","NA (baseline or weekend)","Elia",2023-08-24,4.2,199,47.3809523809524,327,128,148.818181818182
"284","240","Citrine",2023-08-24,5.55,41,7.38738738738739,73,32,36.7142857142857
"285","NA (baseline or weekend)","Minerva",2023-08-24,3.91,132,33.7595907928389,192,60,115.813559322034
"286","240","Citrine",2023-08-25,5.55,38,6.84684684684685,74,36,36.7142857142857
"287","NA (baseline or weekend)","Elia",2023-08-25,4.2,165,39.2857142857143,294,129,148.818181818182
"288","NA (baseline or weekend)","Minerva",2023-08-25,3.91,108,27.6214833759591,NA,NA,115.813559322034
"289","NA (baseline or weekend)","Citrine",2023-08-26,5.55,37,6.66666666666667,144,107,77.7281553398058
"290","NA (baseline or weekend)","Elia",2023-08-26,4.2,49,11.6666666666667,234,185,148.818181818182
"291","NA (baseline or weekend)","Minerva",2023-08-26,3.91,49,12.5319693094629,121,72,115.813559322034
"292","NA (baseline or weekend)","Citrine",2023-08-27,5.55,48,8.64864864864865,160,112,77.7281553398058
"293","NA (baseline or weekend)","Elia",2023-08-27,4.2,98,23.3333333333333,268,170,148.818181818182
"294","NA (baseline or weekend)","Minerva",2023-08-27,3.91,82,20.9718670076726,165,83,115.813559322034
"295","60","Elia",2023-08-28,4,54,13.5,258,204,48.1
"296","NA (baseline or weekend)","Citrine",2023-08-28,5.05,62,12.2772277227723,134,72,77.7281553398058
"297","240","Minerva",2023-08-28,3.7,99,26.7567567567568,158,59,106.8
"298","60","Elia",2023-08-29,4,38,9.5,178,140,48.1
"299","NA (baseline or weekend)","Citrine",2023-08-29,5.05,81,16.039603960396,145,64,77.7281553398058
"300","240","Minerva",2023-08-29,3.7,112,30.2702702702703,175,63,106.8
"301","60","Elia",2023-08-30,4,58,14.5,208,150,48.1
"302","NA (baseline or weekend)","Citrine",2023-08-30,5.05,110,21.7821782178218,161,51,77.7281553398058
"303","240","Minerva",2023-08-30,3.7,106,28.6486486486486,165,59,106.8
"304","60","Elia",2023-08-31,4,60,15,243,183,48.1
"305","NA (baseline or weekend)","Citrine",2023-08-31,5.05,93,18.4158415841584,181,88,77.7281553398058
"306","240","Minerva",2023-08-31,3.7,100,27.027027027027,187,87,106.8
"307","60","Elia",2023-09-01,4,41,10.25,201,160,48.1
"308","240","Minerva",2023-09-01,3.7,117,31.6216216216216,185,68,106.8
"309","NA (baseline or weekend)","Citrine",2023-09-01,5.05,86,17.029702970297,126,40,77.7281553398058
"310","NA (baseline or weekend)","Citrine",2023-09-02,5.05,65,12.8712871287129,118,53,77.7281553398058
"311","NA (baseline or weekend)","Elia",2023-09-02,4,161,40.25,300,139,148.818181818182
"312","NA (baseline or weekend)","Minerva",2023-09-02,3.7,109,29.4594594594595,171,62,115.813559322034
"313","NA (baseline or weekend)","Citrine",2023-09-03,5.05,67,13.2673267326733,107,40,77.7281553398058
"314","NA (baseline or weekend)","Elia",2023-09-03,4,32,8,134,102,148.818181818182
"315","NA (baseline or weekend)","Minerva",2023-09-03,3.7,85,22.972972972973,158,73,115.813559322034
"316","NA (baseline or weekend)","Elia",2023-09-04,3.85,170,44.1558441558442,266,96,148.818181818182
"317","NA (baseline or weekend)","Minerva",2023-09-04,3.91,70,17.9028132992327,144,74,115.813559322034
"318","300","Citrine",2023-09-04,5.05,38,7.52475247524753,60,22,19.7777777777778
"319",NA,"Citrine",2023-09-05,5.05,NA,NA,NA,NA,NA
"320","NA (baseline or weekend)","Elia",2023-09-05,3.85,136,35.3246753246753,244,108,148.818181818182
"321","NA (baseline or weekend)","Minerva",2023-09-05,3.91,108,27.6214833759591,153,45,115.813559322034
"322","300","Citrine",2023-09-06,5.05,19,3.76237623762376,54,35,19.7777777777778
"323","NA (baseline or weekend)","Elia",2023-09-06,3.85,151,39.2207792207792,282,131,148.818181818182
"324","NA (baseline or weekend)","Minerva",2023-09-06,3.91,107,27.3657289002558,162,55,115.813559322034
"325","NA (baseline or weekend)","Elia",2023-09-07,3.85,151,39.2207792207792,218,67,148.818181818182
"326","NA (baseline or weekend)","Minerva",2023-09-07,3.91,119,30.4347826086957,195,76,115.813559322034
"327","300","Citrine",2023-09-07,5.05,17,3.36633663366337,92,75,19.7777777777778
"328","300","Citrine",2023-09-08,5.05,54,10.6930693069307,95,41,19.7777777777778
"329","NA (baseline or weekend)","Elia",2023-09-08,3.85,153,39.7402597402597,276,123,148.818181818182
"330","NA (baseline or weekend)","Minerva",2023-09-08,3.91,108,27.6214833759591,174,66,115.813559322034
"331","300","Citrine",2023-09-09,5.05,22,4.35643564356436,44,22,19.7777777777778
"332","NA (baseline or weekend)","Elia",2023-09-09,3.85,79,20.5194805194805,203,124,148.818181818182
"333","NA (baseline or weekend)","Minerva",2023-09-09,3.91,72,18.4143222506394,148,76,115.813559322034
"334","NA (baseline or weekend)","Elia",2023-09-10,3.85,162,42.0779220779221,258,96,148.818181818182
"335","NA (baseline or weekend)","Minerva",2023-09-10,3.91,117,29.923273657289,534,417,115.813559322034
"336","NA (baseline or weekend)","Citrine",2023-09-10,5.05,34,6.73267326732673,111,77,77.7281553398058
"337","300","Elia",2023-09-11,3.85,64,16.6233766233766,181,117,97.1333333333333
"338","300","Minerva",2023-09-11,3.91,102,26.0869565217391,156,54,123.8
"339","NA (baseline or weekend)","Citrine",2023-09-11,5.2,56,10.7692307692308,122,66,77.7281553398058
"340","300","Elia",2023-09-12,3.85,34,8.83116883116883,120,86,97.1333333333333
"341","300","Minerva",2023-09-12,3.91,121,30.9462915601023,207,86,123.8
"342","NA (baseline or weekend)","Citrine",2023-09-12,5.2,64,12.3076923076923,113,49,77.7281553398058
"343","300","Elia",2023-09-13,3.75,86,22.9333333333333,191,105,97.1333333333333
"344","300","Minerva",2023-09-13,4,122,30.5,200,78,123.8
"345","NA (baseline or weekend)","Citrine",2023-09-13,5.2,80,15.3846153846154,157,77,77.7281553398058
"346","300","Minerva",2023-09-14,4,143,35.75,228,85,123.8
"347","300","Elia",2023-09-14,3.75,52,13.8666666666667,148,96,97.1333333333333
"348","NA (baseline or weekend)","Citrine",2023-09-14,5.2,70,13.4615384615385,114,44,77.7281553398058
"349","300","Elia",2023-09-15,3.75,99,26.4,240,141,97.1333333333333
"350","300","Minerva",2023-09-15,4,131,32.75,252,121,123.8
"351","NA (baseline or weekend)","Citrine",2023-09-15,5.2,62,11.9230769230769,129,67,77.7281553398058
"352","NA (baseline or weekend)","Citrine",2023-09-16,5.2,71,13.6538461538462,113,42,77.7281553398058
"353","NA (baseline or weekend)","Elia",2023-09-16,3.75,87,23.2,236,149,148.818181818182
"354","NA (baseline or weekend)","Minerva",2023-09-16,4,88,22,172,84,115.813559322034
"355","NA (baseline or weekend)","Citrine",2023-09-17,5.2,67,12.8846153846154,NA,NA,77.7281553398058
"356","NA (baseline or weekend)","Elia",2023-09-17,3.75,118,31.4666666666667,237,119,148.818181818182
"357","NA (baseline or weekend)","Minerva",2023-09-17,4,83,20.75,198,115,115.813559322034
"358","300","Elia",2023-09-18,3.7,131,35.4054054054054,237,106,97.1333333333333
"359","NA (baseline or weekend)","Minerva",2023-09-18,4.1,213,51.9512195121951,286,73,115.813559322034
"360","NA (baseline or weekend)","Bernie",2023-09-18,NA,114,NA,189,75,111.75
"361","NA (baseline or weekend)","Bernie",2023-09-19,NA,57,NA,140,83,111.75
"362","300","Elia",2023-09-19,3.7,81,21.8918918918919,176,95,97.1333333333333
"363","NA (baseline or weekend)","Minerva",2023-09-19,4.1,118,28.7804878048781,182,64,115.813559322034
"364","NA (baseline or weekend)","Bernie",2023-09-20,NA,111,NA,176,65,111.75
"365","300","Elia",2023-09-20,3.7,112,30.2702702702703,226,114,97.1333333333333
"366","NA (baseline or weekend)","Minerva",2023-09-20,4.1,125,30.4878048780488,204,79,115.813559322034
"367","300","Elia",2023-09-21,3.7,73,19.7297297297297,160,87,97.1333333333333
"368","NA (baseline or weekend)","Minerva",2023-09-21,4.1,109,26.5853658536585,189,80,115.813559322034
"369","NA (baseline or weekend)","Bernie",2023-09-21,NA,99,NA,164,65,111.75
"370","300","Elia",2023-09-22,3.7,115,31.0810810810811,259,144,97.1333333333333
"371","NA (baseline or weekend)","Minerva",2023-09-22,4.1,146,35.609756097561,246,100,115.813559322034
"372","NA (baseline or weekend)","Bernie",2023-09-22,4.95,97,19.5959595959596,155,58,111.75
"373","NA (baseline or weekend)","Bernie",2023-09-23,4.95,104,21.010101010101,200,96,111.75
"374","NA (baseline or weekend)","Elia",2023-09-23,3.7,142,38.3783783783784,304,162,148.818181818182
"375","NA (baseline or weekend)","Minerva",2023-09-23,4.1,89,21.7073170731707,218,129,115.813559322034
"376","NA (baseline or weekend)","Bernie",2023-09-24,4.95,60,12.1212121212121,194,134,111.75
"377","NA (baseline or weekend)","Elia",2023-09-24,3.7,120,32.4324324324324,269,149,148.818181818182
"378","NA (baseline or weekend)","Minerva",2023-09-24,4.1,70,17.0731707317073,NA,NA,115.813559322034
"379","NA (baseline or weekend)","Elia",2023-09-25,3.8,167,43.9473684210526,218,51,148.818181818182
"380","NA (baseline or weekend)","Bernie",2023-09-25,4.95,92,18.5858585858586,162,70,111.75
"381","NA (baseline or weekend)","Elia",2023-09-26,3.8,177,46.5789473684211,320,143,148.818181818182
"382","NA (baseline or weekend)","Bernie",2023-09-26,4.95,90,18.1818181818182,186,96,111.75
"383","NA (baseline or weekend)","Elia",2023-09-27,3.8,180,47.3684210526316,282,102,148.818181818182
"384","NA (baseline or weekend)","Bernie",2023-09-27,4.95,80,16.1616161616162,215,135,111.75
"385","NA (baseline or weekend)","Elia",2023-09-28,3.8,189,49.7368421052632,312,123,148.818181818182
"386","NA (baseline or weekend)","Bernie",2023-09-28,4.95,73,14.7474747474747,256,183,111.75
"387","NA (baseline or weekend)","Elia",2023-09-29,3.8,146,38.421052631579,273,127,148.818181818182
"388","NA (baseline or weekend)","Bernie",2023-09-29,4.95,64,12.9292929292929,130,66,111.75
"389","NA (baseline or weekend)","Elia",2023-09-30,3.8,132,34.7368421052632,301,169,148.818181818182
"390","NA (baseline or weekend)","Bernie",2023-09-30,4.95,103,20.8080808080808,159,56,111.75
"391","NA (baseline or weekend)","Bernie",2023-10-01,4.95,42,8.48484848484848,157,115,111.75
"392","NA (baseline or weekend)","Elia",2023-10-01,3.8,128,33.6842105263158,NA,NA,148.818181818182
"393","60","Bernie",2023-10-02,5,4,0.8,179,175,36
"394","60","Bernie",2023-10-03,5,38,7.6,152,114,36
"395","60","Bernie",2023-10-04,5,NA,NA,NA,NA,36
"396","60","Bernie",2023-10-05,5,48,9.6,152,104,36
"397","60","Bernie",2023-10-06,5,54,10.8,182,128,36
"398","NA (baseline or weekend)","Bernie",2023-10-07,5,104,20.8,192,88,111.75
"399","NA (baseline or weekend)","Bernie",2023-10-08,5,46,9.2,172,126,111.75
"400","NA (baseline or weekend)","Bernie",2023-10-09,4.95,97,19.5959595959596,191,94,111.75
"401","NA (baseline or weekend)","Bernie",2023-10-10,4.95,131,26.4646464646465,220,89,111.75
"402","NA (baseline or weekend)","Bernie",2023-10-11,4.95,82,16.5656565656566,137,55,111.75
"403","NA (baseline or weekend)","Bernie",2023-10-12,4.95,115,23.2323232323232,191,76,111.75
"404","NA (baseline or weekend)","Bernie",2023-10-13,4.95,88,17.7777777777778,129,41,111.75
"405","NA (baseline or weekend)","Bernie",2023-10-14,4.95,90,18.1818181818182,196,106,111.75
"406","NA (baseline or weekend)","Bernie",2023-10-15,4.95,54,10.9090909090909,157,103,111.75
"407","120","Bernie",2023-10-16,4.85,68,14.020618556701,105,37,61.5
"408","120","Bernie",2023-10-17,4.85,48,9.89690721649485,848,800,61.5
"409","120","Bernie",2023-10-18,4.85,75,15.4639175257732,144,69,61.5
"410","120","Bernie",2023-10-19,4.85,61,12.5773195876289,210,149,61.5
"411","120","Bernie",2023-10-20,4.85,54,11.1340206185567,200,146,61.5
"412","NA (baseline or weekend)","Bernie",2023-10-21,4.85,115,23.7113402061856,233,118,111.75
"413","120","Bernie",2023-10-22,4.85,63,12.9896907216495,252,189,61.5
"414","NA (baseline or weekend)","Bernie",2023-10-23,4.75,112,23.5789473684211,179,67,111.75
"415","NA (baseline or weekend)","Bernie",2023-10-24,4.75,129,27.1578947368421,204,75,111.75
"416","NA (baseline or weekend)","Bernie",2023-10-25,4.75,4,0.842105263157895,254,250,111.75
"417","NA (baseline or weekend)","Bernie",2023-10-26,4.75,NA,NA,NA,83,111.75
"418","NA (baseline or weekend)","Bernie",2023-10-27,4.75,80,16.8421052631579,116,36,111.75
"419","NA (baseline or weekend)","Bernie",2023-10-28,4.75,68,14.3157894736842,229,161,111.75
"420","NA (baseline or weekend)","Bernie",2023-10-29,4.75,186,39.1578947368421,267,81,111.75
"421","180","Bernie",2023-10-30,4.55,86,18.9010989010989,230,144,93.2
"422","180","Bernie",2023-10-31,4.55,110,24.1758241758242,207,97,93.2
"423","180","Bernie",2023-11-01,4.55,70,15.3846153846154,301,231,93.2
"424","180","Bernie",2023-11-02,4.55,86,18.9010989010989,160,74,93.2
"425","180","Bernie",2023-11-03,4.55,114,25.0549450549451,241,127,93.2
"426","NA (baseline or weekend)","Bernie",2023-11-04,4.55,68,14.9450549450549,194,126,111.75
"427","NA (baseline or weekend)","Bernie",2023-11-05,4.55,151,33.1868131868132,244,93,111.75
"428","NA (baseline or weekend)","Bernie",2023-11-06,4.55,108,23.7362637362637,235,127,111.75
"429","NA (baseline or weekend)","Bernie",2023-11-07,4.55,150,32.967032967033,183,33,111.75
"430","NA (baseline or weekend)","Bernie",2023-11-08,4.55,101,22.1978021978022,138,37,111.75
"431","NA (baseline or weekend)","Bernie",2023-11-09,4.55,132,29.010989010989,242,110,111.75
"432","NA (baseline or weekend)","Bernie",2023-11-10,4.55,114,25.0549450549451,165,51,111.75
"433","NA (baseline or weekend)","Bernie",2023-11-11,4.55,139,30.5494505494506,237,98,111.75
"434","NA (baseline or weekend)","Bernie",2023-11-12,4.55,65,14.2857142857143,192,127,111.75
"435","240","Bernie",2023-11-13,4.45,136,30.561797752809,244,108,134.4
"436","240","Bernie",2023-11-14,4.45,132,29.6629213483146,211,79,134.4
"437","240","Bernie",2023-11-15,4.45,187,42.0224719101124,233,46,134.4
"438","240","Bernie",2023-11-16,4.45,83,18.6516853932584,152,69,134.4
"439","240","Bernie",2023-11-17,4.45,134,30.1123595505618,265,131,134.4
"440","NA (baseline or weekend)","Bernie",2023-11-18,4.45,132,29.6629213483146,216,84,111.75
"441","NA (baseline or weekend)","Bernie",2023-11-19,4.45,99,22.247191011236,199,100,111.75
"442","NA (baseline or weekend)","Bernie",2023-11-20,4.45,104,23.3707865168539,196,92,111.75
"443","NA (baseline or weekend)","Bernie",2023-11-21,4.45,156,35.0561797752809,246,90,111.75
"444","NA (baseline or weekend)","Bernie",2023-11-22,4.45,127,28.5393258426966,161,34,111.75
"445","NA (baseline or weekend)","Bernie",2023-11-23,4.45,95,21.3483146067416,193,98,111.75
"446","NA (baseline or weekend)","Bernie",2023-11-24,4.45,125,28.0898876404494,217,92,111.75
"447","NA (baseline or weekend)","Bernie",2023-11-25,4.45,121,27.1910112359551,224,103,111.75
"448","NA (baseline or weekend)","Bernie",2023-11-26,4.45,143,32.1348314606742,235,92,111.75
"449","300","Bernie",2023-11-27,4.35,144,33.1034482758621,193,49,154.666666666667
"450","300","Bernie",2023-11-28,4.35,NA,NA,NA,NA,154.666666666667
"451","300","Bernie",2023-11-29,4.35,149,34.2528735632184,189,40,154.666666666667
"452","300","Bernie",2023-11-30,4.35,171,39.3103448275862,208,37,154.666666666667
"453","300","Bernie",2023-12-01,4.35,NA,NA,NA,NA,154.666666666667
"454","NA (baseline or weekend)","Bernie",2023-12-02,4.35,157,36.0919540229885,227,70,111.75
"455","NA (baseline or weekend)","Bernie",2023-12-03,4.35,114,26.2068965517241,233,119,111.75
"456","NA (baseline or weekend)","Bernie",2023-12-04,4.4,238,54.0909090909091,NA,NA,111.75
"457","NA (baseline or weekend)","Bernie",2023-12-05,4.4,216,49.0909090909091,266,50,111.75
"458","NA (baseline or weekend)","Bernie",2023-12-06,4.4,145,32.9545454545455,177,32,111.75
"459","NA (baseline or weekend)","Bernie",2023-12-07,4.4,227,51.5909090909091,296,69,111.75
"460","NA (baseline or weekend)","Bernie",2023-12-08,4.4,153,34.7727272727273,218,65,111.75
"461","NA (baseline or weekend)","Bernie",2023-12-09,4.4,NA,NA,NA,NA,111.75
"462","NA (baseline or weekend)","Bernie",2023-12-10,4.4,191,43.4090909090909,NA,NA,111.75
